Component,Explained Variance Ratio,Cumulative Explained Variance
PC1,0.3390879775026499,0.3390879775026499
PC2,0.33318902301219216,0.6722770005148421
