class,count,mean,std,min,25%,50%,75%,max
large-vehicle,3509.0,7740.226114694233,12185.39847270014,0.39990234375,1091.5940551757812,3081.1171014383435,8896.764683842659,115891.62140014581
small-vehicle,84293.0,1873.6825631747768,3989.4661665823396,1.80029296875,318.26919677853584,673.8298114016652,1637.6954174805433,72743.80691161752
