Split,Images,Small Vehicles,Large Vehicles,Total Vehicles,Images %,Small Vehicles %,Large Vehicles %
test,2315,25545,1130,26675,25.509641873278238,30.305007533247124,32.20290681105728
train,5240,45998,1844,47842,57.74104683195592,54.56918130805642,52.550584212026216
val,1520,12750,535,13285,16.74931129476584,15.12581115869645,15.2465089769165
